0.0,2.4614062309265137,-0.6008478999137878,1.1714651584625244,-2.2110538482666016,-0.6919116973876953,0.8526902794837952,0.02887391671538353,0.20527894794940948,-0.03243512660264969,0.38984841108322144
1.0,-4.007264137268066,-0.5372421145439148,2.7616257667541504,1.898387432098389,-0.5256730318069458,-0.19284844398498532,-0.16113018989562988,0.3788345754146576,-0.3572891652584076,0.5696365833282471
1.0,-10.769243240356444,2.2579827308654785,-0.03883596509695053,0.38938549160957336,1.187288761138916,2.188159942626953,-0.035601761192083366,-0.5475610494613647,1.649309158325195,-0.3965230584144592
1.0,-6.590235233306885,1.4848624467849731,-0.36134016513824463,-1.1884464025497437,-0.12091105431318284,0.89279705286026,-1.1718536615371704,-0.2408416122198105,-0.40158426761627203,0.7919769287109375
0.0,4.506562232971191,3.1692726612091064,0.18806158006191254,-0.3911600112915039,1.385206937789917,-1.1387791633605957,-0.14940375089645386,0.1420133411884308,0.4297202229499817,-0.3485433459281921
0.0,2.3142468929290767,-0.4020315408706665,-0.2746231853961945,1.67046320438385,-0.5367112755775452,-0.5083746910095215,0.13889379799365995,-0.21597933769226074,-1.1494275331497192,-0.3342741131782532
0.0,2.05881929397583,-0.3204351961612701,0.12245821207761765,-1.0208597183227541,2.0791676044464107,-0.8376373052597046,-0.5377197861671448,-0.12102627009153365,-0.12827113270759585,0.3979611396789551
0.0,1.977701425552368,1.8427792787551882,0.27735966444015503,-0.5497499108314514,-0.20689621567726132,0.2838644683361053,0.5541366338729858,-0.913595974445343,0.22369329631328586,-0.3788162469863892
0.0,4.87123966217041,2.339215040206909,0.1682947725057602,-0.6948897242546082,0.8209389448165894,0.8244917988777161,-0.2428466081619263,0.06748542934656143,0.3394713997840881,0.4698737859725952
0.0,4.694923400878906,0.767477810382843,-1.5439647436141968,0.7790189385414124,-0.7848971486091614,-0.8513734936714172,-0.7526677250862122,1.0704262256622314,0.5893186926841736,-0.06891132146120071
1.0,-2.766369104385376,0.35435593128204346,1.8969630002975464,0.5342558026313782,-0.8840206265449524,-2.011035442352295,0.7205954790115356,1.4126344919204712,-0.1969628483057022,0.7437566518783569
1.0,-4.396227836608887,2.1235079765319824,-0.5795098543167114,0.7774132490158081,-0.30383431911468506,-1.7851252555847168,-0.0004243903094902634,0.29276448488235474,0.5808817148208618,-0.4996039271354675
0.0,4.659085273742676,0.7822986245155334,-0.1921219229698181,-0.4936818480491638,0.5361221432685852,-0.2260419577360153,-0.22645147144794464,-0.05937449634075165,0.22161148488521576,0.13449758291244507
0.0,3.2523159980773926,-1.2859251499176023,0.21847650408744806,-0.30780816078186035,-0.09942878782749176,1.4031996726989746,-0.9536156654357909,0.30023592710494995,0.5043357014656067,0.7853138446807861
0.0,1.3489487171173096,-3.556225299835205,-1.7321913242340088,0.046990767121315,-0.34525084495544434,1.2628873586654663,-0.10585565865039824,-0.7143263220787048,0.4106749892234802,-0.6963482499122621
0.0,4.555028915405273,-3.528786420822144,0.215264230966568,-1.0918858051300049,-2.7583489418029785,0.9004929065704346,-1.4128942489624023,-0.32461920380592346,0.5059911608695984,0.19002100825309756
1.0,-1.3526270389556885,1.1541414260864258,1.2097934484481812,0.8281065225601196,-0.9868072867393494,-0.6869747638702393,0.313507616519928,-0.5253714323043823,-0.3341534733772278,-0.7125910520553589
1.0,-8.403846740722656,4.153904438018799,-0.04696889594197273,0.5518425703048706,-0.28808045387268066,0.5070590972900391,-0.7191131114959717,0.6988201737403871,-0.1595483273267746,-0.5525331497192383
0.0,2.8027713298797607,1.666301727294922,0.1940181851387024,2.233107805252075,-0.2052466720342636,0.5721718072891235,0.3615666329860687,-0.006888236850500107,-0.43722808361053467,-0.3021999001502991
0.0,1.442563772201538,-0.30587056279182434,-0.5515477657318115,-0.35607412457466125,-2.702919006347656,-1.4997073411941528,0.8312795758247375,-0.8061972260475159,-1.033990740776062,-1.2005867958068848
0.0,0.5206580758094788,0.9733678102493286,0.32413536310195923,0.5439993739128113,1.4294366836547852,0.04919890686869621,-0.2227026969194412,-0.1953967362642288,-0.027762198820710186,0.40766000747680653
1.0,-5.307139873504639,6.723414897918701,-1.4856650829315186,-1.7765105962753296,-1.0735536813735962,0.8330771327018738,-1.4932906627655032,0.4969799816608429,-0.7089676260948181,0.016967609524726868
0.0,1.726310968399048,-0.998178005218506,0.080238476395607,-1.0646470785140991,-1.435616970062256,0.8660554885864258,0.3429318070411682,-0.10800693929195404,-0.3878038227558136,0.08963599056005478
1.0,-0.44654449820518494,2.787707805633545,-0.4443822503089905,-0.4720285534858704,-0.5299897789955139,-1.6565903425216677,0.1693706214427948,0.25622466206550604,-0.4863212704658508,-0.7870798707008362
1.0,-4.331653118133545,4.049332141876222,0.1925053596496582,0.2906133532524109,0.6108409762382507,1.4235882759094238,0.6701407432556152,-0.4949125945568085,0.5046687722206116,0.3502199649810791
0.0,4.703041076660156,0.4323023855686188,-0.005305080208927393,1.3706083297729492,-0.08509960025548935,0.33007386326789856,-0.9947378635406494,-0.3738479018211365,-0.1787404716014862,-0.3768370747566223
1.0,-4.094142436981201,-2.8029274940490723,0.5074335932731628,1.9773184061050413,0.13282525539398193,1.6035217046737669,1.0542960166931152,-0.3568825721740723,0.4292813241481781,0.7309536933898926
0.0,-0.34652817249298096,-1.5412250757217407,-2.84645414352417,-1.90981125831604,-0.5718339681625366,1.6874941587448118,1.7124109268188477,-2.4106595516204834,-0.3332123160362244,0.11772147566080092
1.0,0.9340907335281372,2.105945348739624,-1.4329169988632202,2.894261598587036,-1.2754162549972534,-1.6266919374465942,0.5476042032241821,0.8500744104385376,-0.3686850368976593,-0.2921939790248871
0.0,3.5573363304138184,-1.6629500389099119,-0.4511874914169312,-2.0737650394439697,-0.4907463490962982,0.7700684070587158,0.1910385936498642,-0.2444623112678528,-0.5468964576721191,-0.007636699825525285
0.0,3.536415100097656,1.2468540668487549,-3.385410785675049,4.666051387786865,-1.875728130340576,-0.8903976678848267,-0.9255098104476928,-1.0867780447006226,1.207719326019287,0.48439675569534296
1.0,-3.3873302936553955,2.9110372066497803,-3.0072381496429443,-2.8282878398895264,0.5083463788032532,-0.5893891453742981,0.8318228721618652,1.0185661315917969,-0.523625373840332,0.09124105423688887
0.0,3.057032585144043,0.17921340465545654,-0.6217734217643738,-0.2613983452320099,0.8967351317405701,0.5245686769485474,-0.7093634009361267,0.13974809646606445,0.16501328349113464,0.5008429288864136
0.0,1.5548524856567385,-0.979857861995697,-1.1965599060058594,1.775177240371704,3.4991252422332764,-0.3122343122959137,-0.6416062712669373,0.01976947300136089,1.082058310508728,0.6102909445762634
0.0,-1.0117125511169434,-1.0923895835876465,0.6326982975006104,1.7585184574127195,1.0468263626098633,-0.4258947968482971,-0.3982855677604675,0.8360357284545898,0.3841466307640076,-0.6196242570877075
0.0,2.965999126434326,-0.3715064525604248,2.0665330886840816,-2.072506666183472,0.16303786635398865,0.43838590383529663,-0.05698419734835625,0.4640559256076813,-0.2459471225738525,0.4933460652828217
1.0,-4.9487037658691415,4.114333152770996,0.3147488832473755,0.08820639550685883,-0.05671511590480805,1.1376889944076538,0.25128266215324396,0.7421523928642273,-0.4104476571083069,0.5713270306587219
1.0,-2.3802473545074463,-3.949928998947144,2.9348769187927246,-0.9410368800163268,-1.056041598320007,0.4510389864444733,-0.4904449880123138,-0.16544365882873535,0.13347317278385162,0.5304311513900757
1.0,-4.949631690979004,1.5437521934509275,1.7131940126419067,-0.04675930738449097,-1.7392301559448242,0.8128796815872192,-0.8003054857254028,0.4199094772338867,-0.8116787672042847,-0.021478671580553055
0.0,3.810017347335816,0.909918487071991,-0.44316765666008,0.950423300266266,-0.35163602232933044,0.2777445316314697,0.10289499908685684,0.2517547607421875,0.41790419816970825,0.11232810467481613
0.0,1.603586196899414,-0.2925962209701538,1.5862253904342651,-0.9096983075141908,1.23586905002594,-1.0351626873016355,-0.2982594966888428,0.775562584400177,0.4150328040122986,-0.361493855714798
1.0,-3.2454135417938232,1.7783586978912354,1.7931535243988037,2.4850594997406006,0.5503520965576172,0.5986124873161316,0.4696012735366821,0.028392635285854336,-0.23539991676807406,0.15322783589363098
0.0,3.1578142642974854,1.6889587640762331,0.496293842792511,-0.19401204586029053,1.439917802810669,0.2565385401248932,-0.445335328578949,-0.0579306073486805,0.4925093352794647,0.2412391304969788
1.0,-4.5547823905944815,-0.33753609657287603,0.7543008923530579,0.7003299593925476,-1.5485455989837646,0.1910078376531601,0.8895838856697083,-0.24405689537525174,-0.4429070949554443,-0.14350073039531708
1.0,-6.227025508880615,1.390109658241272,-2.7342371940612797,1.0931613445281982,-0.5826584100723267,-0.9889293909072876,0.7977455854415894,0.24610635638237,0.27302372455596924,0.3654964864253998
1.0,0.9474878311157228,1.68475341796875,0.3511863350868225,0.5772106647491455,-0.3415420651435852,0.4226387441158295,-0.035773664712905884,0.3530476689338684,-0.8088418245315552,0.4806847274303436
1.0,-5.494152545928955,4.1658291816711435,0.6012607216835022,-0.1496996283531189,0.625566303730011,-1.0430389642715454,0.07048533856868744,0.8329183459281921,1.0893834829330444,-0.7428560853004456
0.0,-0.3930986523628235,-1.0830681324005127,-2.247605323791504,0.4618587195873261,1.6916285753250122,-1.555220365524292,-0.6737488508224487,-0.319943368434906,1.4190937280654907,-0.056533284485340125
1.0,-4.754614353179932,1.4894236326217651,1.253750920295715,0.0525868721306324,-0.09662468731403352,0.3553730249404907,0.6255166530609131,-0.5325223207473755,0.5734468698501587,0.7423499822616577
0.0,-1.167461633682251,-2.5145153999328613,1.9057185649871824,-0.6383113861083984,0.2361811101436615,-0.13813365995883942,0.32667914032936096,-0.15205328166484833,0.2270636260509491,0.5040588974952698
0.0,-2.0448570251464844,-6.42681884765625,-1.2741212844848633,0.10974179953336716,4.602716445922852,0.06264222413301468,0.32200244069099426,-0.8862783312797546,-1.238597393035889,-1.28652822971344
1.0,-0.9817275404930116,2.210430383682251,1.6999192237854004,-0.9709720015525818,1.183258295059204,-0.14365307986736298,0.4571111798286438,-0.0678332969546318,0.4502717554569245,-0.08306234329938889
0.0,0.7492713332176208,-1.7976382970809937,0.5683658719062805,0.5604990124702454,-0.9330958724021912,1.6101871728897097,0.498349666595459,-0.4532432854175568,-0.5275663137435913,0.459627628326416
0.0,2.055084228515625,-1.6164593696594238,-1.8389594554901123,3.113535165786743,0.21104267239570615,1.6418061256408691,1.0888528823852541,0.3501929044723511,-0.5150646567344666,0.0049464842304587356
0.0,0.6006160974502563,0.8384547233581543,0.6870417594909668,-1.1553338766098022,0.9824326634407043,0.853230357170105,-0.705531120300293,-1.3469394445419312,0.4889447689056397,-0.41666603088378906
1.0,-3.319674015045166,1.5770529508590698,-1.3607282638549805,0.6941430568695068,-0.908930242061615,1.1722173690795898,0.33728528022766113,-1.2228647470474243,-0.6272056698799133,0.8960212469100952
1.0,-3.31632399559021,3.939152479171753,0.205453559756279,2.1182236671447754,0.9699809551239014,0.8908137679100037,0.09269002825021744,0.23781947791576385,0.6614784002304077,-0.1094549372792244
0.0,0.6869402527809143,-1.695009469985962,-1.0262128114700315,0.8754783868789673,2.174675703048706,0.29678794741630554,-0.8410945534706116,-0.1635599136352539,0.33775049448013306,-0.33118218183517456
1.0,-4.9435811042785645,2.8483247756958012,-0.913878858089447,-0.3351840376853943,-0.4833259284496307,-0.3553753197193146,-0.4848636388778687,0.32081812620162964,-0.4435145556926727,-0.7967810034751892
1.0,0.7417815923690796,2.452034950256348,1.99770987033844,0.4579398334026337,0.2612906098365784,-3.2035582065582275,-0.16833218932151794,1.038381576538086,0.2336598187685013,-0.5210462212562561
0.0,1.8103806972503664,-0.3962072432041168,1.2303344011306765,-1.2766562700271606,0.007077151909470558,1.7824077606201172,0.12917368113994598,-0.7217873930931091,0.173859640955925,0.5804362297058105
1.0,-2.9563019275665283,-0.7064217925071716,1.0423353910446167,0.5221495628356934,1.4136356115341189,0.2689429819583893,0.995371639728546,-0.217728927731514,0.23135381937026975,0.4714427292346954
0.0,2.683846473693848,-1.44355571269989,-0.3394034206867218,0.2448170632123947,-0.7926921248435974,-0.925629734992981,-0.4960042238235474,-0.27173197269439703,-1.208107590675354,-0.9410422444343568
1.0,0.2935466468334198,0.1370992362499237,3.3019320964813232,1.009785771369934,-0.02251086197793484,-0.11014606803655624,-0.23360426723957065,0.17502696812152865,-0.5449206233024597,0.2069179117679596
1.0,-6.392651081085205,1.8230943679809568,-0.4798495471477509,1.696461200714111,0.5566772222518921,0.106772281229496,-1.3422274589538574,0.26605573296546936,0.4905295073986054,-0.6892244815826416
0.0,3.3102838993072514,-0.15574125945568085,-0.5414788722991943,0.5124838352203369,-1.7878791093826294,-0.6958499550819397,0.9106876850128174,-0.019855525344610214,0.5342740416526794,0.9633966088294984
1.0,-1.213634729385376,2.039038896560669,-0.9806962609291076,-0.23896610736846924,0.08576858043670654,-0.6266564726829529,0.3519402742385864,-0.25756341218948364,-0.09814973175525664,-0.3100281953811645
1.0,-8.741337776184082,0.5738548040390015,-0.8970901370048523,-0.3851499557495117,0.6790434718132019,0.3007526695728302,-0.09482471644878387,-0.7340826392173767,-0.8310931324958801,-0.4506385028362274
0.0,1.2765834331512451,-0.8490530252456665,-3.0700681209564213,-1.1664977073669434,-2.678124189376831,1.3605090379714966,1.64912748336792,-0.8449887037277222,-0.4059680700302124,0.13801956176757812
0.0,3.900527000427246,-0.7307758927345276,-2.136070966720581,0.7811728119850159,-0.8325518965721129,-0.8978214859962463,0.8910791873931885,-1.0951616764068604,-0.2557925581932068,-1.5395945310592651
0.0,2.125180721282959,1.194796800613403,-0.4903720021247864,-0.8553963303565979,-0.10593579709529877,-0.19534273445606232,0.0034523855429142714,0.4339544177055359,0.14082324504852295,-0.1876451075077057
0.0,3.5186479091644287,0.6583094596862793,-0.5913749933242798,0.01080268807709217,0.020589200779795647,0.4057098627090454,0.5269920229911804,1.0830240249633791,-0.4278023540973663,0.39157676696777344
1.0,-2.5087666511535645,-2.6146485805511475,-0.20638003945350647,1.8947458267211916,-2.1247661113739014,-2.4650745391845703,0.7767108678817749,1.5232298374176023,0.522255539894104,0.2908713221549988
1.0,-8.630756378173826,3.4594516754150386,0.17905695736408234,-1.1771639585494995,-0.02290521189570427,0.006690846290439367,-0.962019681930542,-0.3979717195034027,1.257745385169983,-0.8494380712509155
0.0,1.5674788951873782,1.2084333896636963,0.3691590428352356,1.4756287336349487,0.1727502942085266,-0.5452839136123657,0.684478759765625,-0.5563523769378662,-0.6062367558479309,-0.1989640295505524
0.0,4.2372169494628915,-0.1842726171016693,0.326418399810791,-0.5883033871650696,-0.704626739025116,0.1460912972688675,-0.25985726714134216,-0.14956891536712644,-0.5648527145385742,-0.575175940990448
1.0,-2.735011339187622,3.945168256759644,0.01716935820877552,-0.30011075735092163,0.2832671701908112,0.5773144960403442,0.6635510921478271,0.3357820212841034,0.4560933411121368,-0.3710590302944183
0.0,4.59196138381958,2.761127233505249,-0.9805426597595216,-0.3628383576869965,0.2200811952352524,-0.690504252910614,-0.3413958847522736,0.3533633649349213,-0.06587851047515869,0.08888852596282959
0.0,2.492830991744995,-2.5986864566802983,-1.66972553730011,-0.6334860324859619,-1.1567474603652954,1.096408486366272,-0.20389679074287412,1.2200374603271484,0.5709831118583679,0.7433185577392578
0.0,1.1760259866714478,-1.0113701820373535,0.7117683887481691,-1.0660685300827026,-1.421900510787964,0.2654396593570709,-0.19444558024406436,-0.4627179801464081,-0.3580164313316345,-0.7947758436203003
1.0,-3.2572546005249023,0.12520045042037964,2.8960971832275386,-0.7495901584625244,-0.3528554141521454,0.8049438595771791,1.395408272743225,-0.6858296394348145,-0.2947834432125092,-0.313885360956192
0.0,3.1590061187744136,1.035749435424805,1.4906840324401855,0.5931684374809265,0.5140857100486755,-0.3599159121513367,-0.12324117869138718,-0.2637925446033478,-0.2898714542388916,0.17605562508106232
1.0,-3.63501501083374,1.9564409255981443,0.82877516746521,-1.3797523975372314,0.9944210052490234,-0.25385525822639465,1.1792829036712646,-1.5199893712997437,1.825236201286316,-0.5342720150947571
1.0,-6.351746559143066,-7.727173805236816,4.341916084289552,3.3752014636993413,1.7102630138397217,0.7239083647727966,-2.519839286804199,0.3651503026485443,0.7173966765403748,1.165630578994751
1.0,-13.056121826171875,-0.9815130233764648,-0.5988128185272217,-1.472930908203125,-0.5999131798744202,-1.0217589139938354,0.09549104422330856,-0.7686183452606201,-0.6275695562362671,1.098872423171997
0.0,2.614948272705078,1.1024744510650637,1.2407357692718506,-0.909476399421692,0.3784806132316589,-1.618867039680481,-0.09393143653869628,0.3445838093757629,0.06669408082962036,-0.5221562385559082
1.0,-12.894611358642578,-2.316622495651245,-6.328697204589844,-1.9422041177749636,-3.1602277755737305,0.9470537900924684,1.2968790531158447,0.7927587628364563,1.6964657306671145,0.07771960645914078
0.0,0.5007378458976746,-0.10673144459724426,1.028747797012329,0.304884672164917,0.13912111520767212,0.7447846531867981,1.0677943229675293,-0.9727807641029358,-0.5040048956871033,0.2892904877662659
1.0,-3.3025510311126713,1.130937933921814,-0.8263925909996033,-0.9827170372009276,-1.1952629089355469,-0.7078496217727661,-0.6485102772712708,-1.539114475250244,0.6148324012756348,-0.08868619054555893
1.0,-0.6162808537483215,-0.6389116048812866,0.19991886615753174,1.0974987745285034,0.11868977546691895,0.85393887758255,0.5065156817436218,-0.6349821090698242,0.2373499721288681,-0.13941222429275513
0.0,4.197080135345459,-2.367392301559448,-1.3271446228027344,2.039503812789917,-1.7619167566299438,-0.04242891445755959,-2.168755054473877,1.4812173843383791,0.3230903744697571,-1.181156873703003
0.0,0.7516030073165894,3.070648193359375,-1.4491817951202393,0.9534260630607604,0.8919285535812378,-1.2972369194030762,0.22158730030059812,-1.2383084297180176,0.004757378716021776,-0.07689113914966582
0.0,1.350857138633728,-0.3695739209651947,-2.486675500869751,1.1407177448272705,1.9058643579483032,-0.9309497475624084,-0.788568377494812,-0.029251160100102425,0.4555807113647461,-0.00621028570458293
0.0,3.7434043884277344,-0.2505015134811401,0.09738325327634813,-1.9321472644805908,-1.0435914993286133,-0.1542176753282547,0.5852946043014526,0.4921825230121613,-0.2133042961359024,0.0635753646492958
1.0,-2.226994276046753,-1.9416346549987795,2.2856035232543945,0.3398606777191162,-0.5368571877479553,0.13682053983211515,-0.3932636082172394,-0.6152760982513428,-0.7154161334037781,-0.12169983983039855
0.0,3.31499981880188,1.4421762228012085,0.5836324691772461,-1.784930944442749,-0.019272472709417343,-0.6299781799316406,0.005970954895019531,-0.13443535566329956,0.5222010612487793,0.20684316754341125
1.0,-5.094841480255127,2.019207715988159,0.7093695402145386,0.08279487490653993,0.3838170766830444,1.447935700416565,0.5734941959381104,-0.6501204371452332,0.5360485315322876,-0.25121191143989563
0.0,3.721458911895752,1.787641525268555,-1.279932737350464,-0.11556576192378998,-0.5262824296951294,-0.7057399153709412,-0.4878067970275879,0.2979857921600342,0.12737435102462769,-0.7369121313095093
0.0,4.6576828956604,3.06538724899292,0.07600908726453781,-1.5085161924362185,1.272815465927124,-0.5556951761245728,-0.5525493621826172,-0.09941060841083528,0.4774254560470581,0.2719570994377136
0.0,3.347821950912476,0.0685630515217781,0.27019333839416504,0.6276363134384155,-1.1256875991821291,-1.3499857187271118,0.3753643035888672,-0.12146488577127455,-0.21292464435100555,-0.21897991001605988
0.0,-1.3703397512435913,-2.1100113391876216,0.8537201285362244,0.7237686514854431,3.824378967285156,-0.22342079877853396,-1.4713792800903318,0.8049293756484985,0.00554567389190197,0.4065225124359131
1.0,-3.2882351875305176,1.6682369709014893,-0.14693160355091095,-0.4374930858612061,-1.36857008934021,-0.9680275917053224,0.15380547940731049,-0.19229380786418915,0.08352501690387726,-0.4430411756038666
0.0,2.1769165992736816,-0.9589112401008606,0.2342648804187775,-1.8544726371765137,-1.4817805290222168,0.7693429589271545,0.389737993478775,-0.0188173558562994,-0.6249000430107117,-0.6551846265792847
0.0,0.7328128814697266,-3.702182531356812,-0.6585050225257874,-2.2361273765563965,-0.3364672958850861,0.3825375735759735,-1.3619831800460815,0.37165912985801697,1.207252860069275,-1.1895822286605835
1.0,-4.549111366271973,0.8160005211830139,0.5187550783157349,-0.916339635848999,-0.07148589193820952,0.9308825731277466,2.25644850730896,0.4666731059551239,0.7802373766899109,0.4949174225330353
1.0,-1.9191336631774905,3.538082361221313,-1.2549245357513428,-0.3359990119934082,0.5890686511993408,-1.468528151512146,0.14472323656082153,-0.1722562313079834,-0.2537204921245575,-0.24508482217788696
1.0,-7.353217601776122,5.242623329162598,-0.3169557452201843,-0.4320397675037384,-0.7060340046882629,1.2631863355636597,-0.16917651891708374,0.3791483342647553,0.13865630328655246,-0.3761323392391205
1.0,-5.165410995483398,2.3822035789489746,0.4222772717475891,-0.8834276795387268,-0.209408238530159,-0.5792299509048462,0.5434878468513489,-0.9527690410614014,0.2480284869670868,-0.5291531085968018
0.0,4.3121299743652335,1.9784860610961916,0.2513062059879303,-1.574911117553711,1.983411431312561,-0.4682077169418335,-0.2452354729175568,0.5247463583946228,0.3430929481983185,0.421478271484375
1.0,-7.143841743469237,2.0748417377471924,-1.088387131690979,-0.7163334488868713,0.8199009299278259,-1.1445485353469849,0.2895368635654449,-0.019306734204292297,-1.2165595293045044,-0.3079504072666168
0.0,3.003605604171753,-0.35416027903556824,-1.2340149879455566,0.7174567580223083,-1.3125625848770142,-1.9968665838241575,0.4478906691074371,-0.4393793046474457,0.15447546541690824,0.15367712080478668
0.0,1.1429967880249023,1.9621713161468504,1.2407196760177612,-1.4790763854980469,0.4841825366020202,-0.30437028408050537,0.5355045795440674,-0.4370835423469544,0.2840433120727539,-0.1342363804578781
0.0,2.551440477371216,-0.22833003103733066,-1.4141777753829956,1.9707896709442136,-1.4563250541687012,-0.8555215001106262,-1.0219210386276243,0.16049093008041382,-0.4471423923969269,-0.399077981710434
1.0,-2.1078016757965092,-1.121973991394043,-1.775158166885376,-0.26267534494400024,-0.9608110189437866,-0.056849725544452674,0.8516753911972046,0.5102121829986572,1.0750303268432615,0.3661167621612549
0.0,2.1949841976165767,1.805353164672852,0.4351092278957367,-0.9539430141448976,0.5538002848625183,0.16861148178577426,0.23544596135616305,0.2583925426006317,0.23226970434188846,-0.1694425493478775
0.0,3.5788359642028813,-0.8915829062461853,-0.2614874243736267,0.2540956735610962,-0.5995932221412659,1.765871286392212,0.3092179298400879,-0.3896669447422028,0.19501888751983645,0.4742920994758606
0.0,2.835891008377075,0.3987296223640442,0.3474450409412384,-0.8132474422454834,-0.039280571043491364,0.635522723197937,0.597851037979126,0.16082295775413513,-0.5411891341209412,0.5136386156082153
0.0,2.4858829975128174,-0.4605964124202728,0.5989202857017517,-0.9987176060676576,-0.4303236901760101,0.3796217143535614,0.3315521776676178,-0.4784108996391296,-0.5791895389556885,-0.023224644362926483
1.0,-6.003616809844972,0.09102913737297058,-1.7112010717391968,-0.9473750591278076,-1.1750361919403076,0.8562049865722656,-2.504596948623657,0.056320086121559136,-1.910407304763794,-0.031320370733737946
0.0,2.4783592224121094,1.4185765981674194,0.3165331482887268,-0.32850274443626404,0.6620126962661743,0.4467461705207825,0.06841442734003067,0.37149545550346375,-0.2932979762554169,0.2995759844779968
0.0,3.542905569076538,1.282495617866516,-1.0182110071182249,0.6081563234329224,-0.219636008143425,-0.2662477791309357,-0.4540371596813202,0.12396019697189332,-0.2596094608306885,0.4347251057624817
0.0,2.677870750427246,-2.3157925605773926,0.05384821444749832,-0.34044963121414185,0.4506483972072601,0.6783475875854492,-0.06410062313079834,0.9709668159484864,0.455275148153305,-0.0953836590051651
0.0,1.2370632886886597,0.1882149577140808,0.593283474445343,-1.596346139907837,-0.4421541690826416,0.04863685369491577,1.2016874551773071,0.4036255180835724,-0.40530097484588623,-0.005925573408603668
1.0,-2.6372556686401367,-0.5771549344062805,1.9946997165679927,-0.27254921197891235,1.1967681646347046,0.4878624379634857,-0.039406009018421166,-0.9472168087959291,0.6347299814224243,0.08925642818212509
0.0,2.0215775966644287,0.2548998296260834,0.6478719115257263,-0.05925131961703301,-0.054847825318574905,0.07241381704807281,-0.053702812641859055,-0.3561796545982361,-0.0488756000995636,0.10784394294023514
0.0,3.894697189331055,-0.5385707616806029,0.8815587162971497,-1.0388001203536987,-0.8090288043022156,0.690998911857605,-0.5066877007484436,-0.5154891610145569,-0.08183584362268448,-0.3679725825786591
1.0,-2.902236223220825,-4.005295276641847,3.001462459564209,0.32531645894050604,-0.8553560376167297,-1.2346793413162231,-1.978088140487671,0.2026329338550568,-0.5646445155143738,0.2299683839082718
0.0,3.03248143196106,0.6494687795639038,-0.31068265438079834,-0.5802825093269348,-0.7328848838806152,-0.5720081925392151,0.008425170555710794,0.04888644441962242,-0.8117968440055847,-0.10616078972816467
1.0,0.2230926901102066,0.7018214464187622,2.2707619667053223,-0.9986313581466676,0.6464880108833313,-0.04292909801006317,-0.34118011593818665,1.0996450185775757,0.2806928753852844,0.2528391480445862
0.0,3.1587543487548833,-0.4103018343448639,1.1088171005249023,-1.971618890762329,-0.0585869774222374,0.2824146151542664,0.07926813513040543,-0.044303670525550835,-0.25856950879096985,-0.1090840995311737
0.0,5.475243091583252,0.6706367135047913,-1.490442991256714,2.299156904220581,-0.18470346927642825,-1.6178373098373413,-1.6989517211914062,1.0463539361953735,-0.37410035729408253,0.04772486537694931
0.0,1.6654752492904663,-2.389618158340454,-1.5022493600845337,-0.8759510517120361,0.484545648097992,1.1895180940628052,0.6777555346488953,-0.1466432958841324,0.2916476130485535,-0.10273288935422896
0.0,-0.1551380157470703,0.43800821900367737,0.4614456593990326,1.4545333385467532,0.8558401465415955,-1.2428748607635498,-0.16944162547588348,-0.30377429723739624,0.0231611505150795,-0.4964168965816498
1.0,-5.380940437316895,0.13487711548805234,1.678842544555664,-1.5076949596405032,0.15199817717075348,-0.4239045977592468,0.7881745100021362,0.7907868027687073,-0.11155589669942856,1.056060552597046
0.0,-2.317390918731689,-4.389133930206299,-1.778411030769348,-0.9694154858589172,2.645376205444336,-1.5571174621582031,0.007413300219923258,-0.1036401316523552,-0.6213344931602478,-0.006655536126345396
1.0,-4.759111881256104,-3.011680603027344,0.1662408411502838,0.6058278679847717,1.141701340675354,1.2200671434402466,-0.8200240135192871,0.3310330212116241,-0.5286552906036377,0.4859567880630493
0.0,0.05618320032954216,0.22738343477249146,2.2555153369903564,-2.710600614547729,0.8017856478691101,0.9605697393417358,1.038406252861023,-0.28158730268478394,0.2741451561450958,0.2518599033355713
0.0,2.153903722763061,0.8300688862800598,-0.5647968053817749,3.01175594329834,0.5658251643180847,0.5504027605056763,0.4844054579734802,0.8931823968887329,-0.43548583984375,-0.2441399693489075
0.0,0.4817709922790527,0.17801974713802338,-1.032107710838318,2.0102801322937007,0.32710325717926025,0.9920623302459716,0.04854567348957062,-0.19522182643413544,0.3258645236492157,-0.4290714263916016
0.0,1.3009297847747805,1.8214150667190552,-0.3733074963092804,1.8481688499450684,0.19962690770626068,-0.7657542228698729,0.4667150974273682,-0.3985797762870789,-0.36499154567718506,-0.7948276996612549
0.0,1.3726850748062134,-0.005805476568639278,-1.549289345741272,-0.5844390392303467,3.0048787593841557,0.0013721409486606715,0.8131481409072876,-0.2986888885498047,-0.3340462446212769,1.126493215560913
0.0,1.2572517395019531,-1.0676916837692259,-0.2594752609729767,1.24175226688385,-0.3932157754898071,0.6997706890106201,0.4981813728809357,-0.22808299958705905,-0.4513908326625824,-0.6770490407943726
0.0,3.67641282081604,1.2916290760040283,-0.424610435962677,4.601708889007568,-0.7409095168113708,-1.0397367477416992,-0.6769929528236389,-0.14742080867290494,-0.6774539351463318,-1.2393392324447632
0.0,-4.330002784729004,-9.20252513885498,-1.4929629564285278,-0.3199469149112701,4.728170871734619,-2.2157645225524902,2.581059455871582,1.2991541624069214,-3.784116506576538,2.738155603408813
1.0,-9.192837715148926,-1.9485831260681152,1.1231664419174194,-3.6337308883666988,-1.1951102018356323,-1.4114243984222412,-2.159369945526123,-0.3984059691429138,0.15711840987205505,0.8774019479751587
0.0,1.249258041381836,1.588839054107666,0.3264133632183075,0.9253222346305848,1.5353494882583618,-0.012065351009368895,0.10117649286985396,-0.3736054301261902,0.07208235561847688,0.8157923221588135
0.0,1.1738306283950806,0.4748394787311554,0.4815710186958313,-2.143959283828736,-0.2433003187179565,0.4828603863716126,0.5075108408927917,-0.4051347374916077,0.5537799596786499,0.1735624074935913
1.0,-2.3878018856048584,3.768171548843384,0.5292926430702211,-1.1182639598846436,0.6217749714851379,-0.028656642884016037,-0.013357769697904587,0.2409887313842773,0.7119050025939941,-1.106994390487671
0.0,3.1456503868103027,0.7425264120101929,0.8623517155647278,-0.7551636099815369,0.3001249432563782,0.16553737223148346,-0.6998574733734131,0.028332235291600224,-0.08041892945766449,0.04729262739419937
0.0,1.2831872701644895,-2.550909280776977,0.0838603675365448,-0.7715121507644653,0.556910514831543,-0.2700015902519226,-0.5114147067070007,-0.06901311129331589,-0.5303782224655151,0.2082819640636444
0.0,-1.988462209701538,-2.3160479068756104,-1.2363039255142212,-1.7697761058807373,0.1439957618713379,-0.13359592854976654,-0.3654370009899139,-0.4985956251621246,0.7123680710792542,-0.0052318694069981575
0.0,2.9974031448364262,2.738860845565796,0.1611836552619934,0.4131697714328766,0.40554600954055786,-0.7240925431251526,0.4227454364299774,-0.1385200172662735,0.4556943774223328,0.050741299986839294
1.0,-3.3341333866119385,1.3255573511123655,-0.7280136346817017,-1.003198742866516,-0.933706760406494,0.5801239013671875,0.25077033042907715,-0.36204755306243896,0.2420996278524399,-0.140410378575325
1.0,-3.213916778564453,-4.0467562675476065,2.715384721755981,-1.3286253213882446,-0.22167280316352844,2.204794645309448,-0.5194752812385559,-0.9203000068664552,-0.024794459342956543,0.5971861481666565
0.0,3.654646158218384,0.6746487617492676,0.906985878944397,-1.5111613273620603,0.2938122153282165,0.4139518141746521,-0.14207179844379425,-0.12181026488542555,0.0840340256690979,0.14852438867092133
0.0,4.06402587890625,1.246166110038757,-0.5744778513908386,-1.7053930759429932,0.6158647537231445,1.5091335773468018,-0.3332937955856323,-0.07764443755149841,0.3965952694416046,-0.2637048959732056
1.0,0.0933314859867096,-2.2607522010803223,1.904726505279541,1.4423069953918457,-1.7053638696670532,2.122638702392578,0.4969781935214996,-0.4844532907009125,-0.9133156538009644,0.4307020306587219
0.0,3.448183536529541,1.424622654914856,0.08872406929731369,1.7107276916503906,-0.1066168174147606,-0.34323933720588684,0.23800650238990784,-0.5137970447540283,-0.4551742970943451,-0.15301041305065155
0.0,3.29984188079834,3.138709545135498,-0.14889247715473175,-0.7424907088279724,0.3944510221481323,-0.6412731409072876,0.17142601311206818,0.041499927639961236,-0.01286218874156475,-0.2324575036764145
0.0,2.9311869144439697,0.4948562979698181,1.0170708894729614,1.6864229440689087,-0.5657301545143127,0.4689286351203919,0.034214578568935394,-0.19334416091442108,-0.4766030311584473,0.680413544178009
1.0,-3.782026529312134,-0.8603817224502563,-3.6710007190704346,-2.0478196144104004,-2.1837899684906006,-1.474236249923706,0.5633484721183777,0.5559081435203552,-1.4343796968460083,1.8923025131225584
0.0,2.6804418563842773,1.4847090244293213,1.7416933774948118,-1.0234905481338499,0.29746881127357483,0.1980777233839035,-0.4341311752796173,-0.16912193596363068,-0.024851052090525627,-0.3194083571434021
1.0,-0.23005497455596924,1.5647577047348022,0.8025192022323608,0.6505827903747559,-0.4947108626365662,0.7621911764144897,0.08684685826301575,0.02950936928391457,-0.5032263398170471,0.4996728301048279
1.0,-5.069660663604736,1.7851525545120241,-1.1736470460891724,0.6937326788902283,0.6486557126045227,1.9783923625946045,-1.5988726615905762,-0.4794268012046814,-0.6595116257667542,0.5993719696998596
0.0,0.5977818369865417,-1.7856510877609253,-1.4817358255386353,0.1778721958398819,-1.589226484298706,-0.5892959237098694,0.034918591380119324,0.015432730317115784,-0.18638773262500766,0.2575034499168396
0.0,3.210967540740967,2.235142469406128,0.16622427105903625,-1.13005793094635,1.2601889371871948,0.1035911813378334,0.2353731095790863,-0.29047396779060364,-0.0592920109629631,-0.5059435963630676
1.0,-0.342125803232193,0.9682791829109192,-1.717171549797058,0.5950030684471129,0.4680103063583374,-1.0076600313186646,1.799081325531006,1.106656551361084,-0.2676260471343994,-0.4395817518234253
1.0,-3.519248008728028,3.858607530593872,1.0225288867950442,-1.384143352508545,0.3206644356250763,1.031028151512146,0.7473751902580261,0.6959357857704163,0.3786943852901459,0.3921535015106201
0.0,3.8890655040740967,-0.8160716891288757,-1.0157172679901123,-0.8249185681343079,-2.133572816848755,0.7937245368957521,-0.4374432563781738,1.9019521474838257,0.3156338632106781,0.10422325879335403
0.0,3.765414953231812,-4.3982014656066895,-3.950207948684693,0.30726832151412964,-4.789656639099121,-0.9662754535675048,-0.024302173405885696,1.7465856075286863,2.6186809539794917,0.2427707463502884
0.0,2.88726806640625,0.4647316336631775,0.475743293762207,-0.7623019814491272,-0.8532163500785828,0.3062887489795685,0.40856894850730896,0.011833436787128448,0.039350152015686035,0.14363473653793335
1.0,0.4328602254390717,1.3920443058013916,0.08271943777799606,1.9352796077728271,-0.034460537135601044,0.5963273048400879,-0.0029677883721888065,-0.06265724450349808,-0.7984256148338318,0.20971983671188354
0.0,0.7707436084747314,0.06410922110080719,1.1344088315963743,-2.510462999343872,0.020237203687429428,-0.1808527112007141,0.5034838914871216,-1.295856475830078,0.0916072353720665,0.3637018203735352
0.0,0.39877983927726746,-2.16121244430542,0.9456050395965576,-0.3724810183048248,1.012650728225708,0.5361614227294922,-0.8246303796768188,0.1697714924812317,0.25654563307762146,-0.17366734147071838
0.0,2.8705883026123047,0.2686445116996765,0.4689873158931732,0.2455035746097565,-0.5579193234443665,-0.4144510924816132,0.6574580073356628,0.3899176418781281,-0.44783154129982,-0.12994915246963498
1.0,-6.182283878326416,-5.1080050468444815,-0.5211406350135803,-0.9407392740249634,-0.6065251231193542,-2.461594343185425,1.4682106971740725,0.2686501145362854,0.8092541098594666,1.0652614831924438
0.0,1.7735848426818848,-0.8042098879814148,2.027918100357056,0.6873331069946289,-0.6160920262336731,0.2893279790878296,-0.4734529554843903,0.06968008726835251,-0.5439411401748657,-0.0572589561343193
0.0,2.785924434661865,-2.3106486797332764,-0.4727251529693604,1.6071600914001465,-1.6128581762313845,1.1895735263824463,-0.1695270538330078,0.029850844293832782,0.11124365776777267,0.2715519666671753
1.0,-7.122953414916992,-10.275588989257812,3.2327899932861333,-0.1525469273328781,-2.960878849029541,-3.053421258926392,-1.4299098253250122,1.059565186500549,1.4054384231567385,1.1169761419296265
0.0,1.669603943824768,-0.8623190522193909,1.0103061199188232,-1.3238952159881592,-0.28156778216362,0.23939673602581024,0.7280747890472412,-0.5912716388702393,-0.7338614463806152,0.1563040316104889
0.0,3.838397979736328,-0.8991788029670715,-0.7005638480186462,0.2199397385120392,-1.3371628522872925,-0.07674431055784225,-0.6410424113273621,1.357402801513672,0.06838169693946837,0.312487930059433
1.0,-1.8032469749450684,-0.16646093130111694,2.6285994052886963,0.6437414288520813,-0.5218824148178101,-0.5697924494743347,-0.3323430418968201,0.314610093832016,0.21613696217536926,0.02293991670012474
0.0,2.31413197517395,-3.26798939704895,-2.7962238788604736,-0.5657263398170471,-0.3818345069885254,-2.9582836627960205,-0.21056485176086426,-0.6279786825180054,0.23232492804527285,-0.04140160232782364
0.0,1.557219386100769,1.0379270315170288,1.301245093345642,-0.6216726303100586,-0.37935346364974976,-1.535698175430298,0.2907990515232086,0.3893702626228333,0.1154189184308052,-0.34664902091026306
1.0,-2.647568702697754,3.951172828674317,-1.3718812465667725,-0.20781920850276947,1.4050543308258057,0.9045127630233764,0.3237687349319458,0.9986281991004944,0.2931981980800629,-0.308616578578949
0.0,1.9296218156814573,-0.8924666047096252,-0.04234476014971733,0.5588842630386353,-1.2803301811218262,-0.11682920157909392,0.4684231579303742,0.6676568388938904,-0.26605725288391113,-0.6196764707565308
0.0,2.235157251358032,1.2987045049667358,0.9014369249343872,-0.434094101190567,0.18292613327503204,0.16343265771865845,0.2365217506885529,-1.1115127801895142,-0.4053217172622681,-0.08676303178071976
0.0,0.3711780309677124,-0.11361263692378998,0.998363435268402,0.15536993741989136,1.4759558439254759,-0.4759622812271118,0.08897621184587479,-0.5952505469322205,-0.2412875592708588,-0.1973239928483963
0.0,0.9671903252601624,-0.4384381771087647,1.447696328163147,-1.99036169052124,-0.09396600723266603,-0.29301291704177856,0.11255665123462676,-0.1533418446779251,-0.0185452401638031,-0.20601339638233185
0.0,0.6817688941955566,1.135991096496582,-1.2336665391921997,3.8645000457763667,1.4283523559570312,1.291429042816162,-0.0753343254327774,-0.8257393836975098,0.3895151019096375,0.5528359413146973
1.0,0.3900189697742462,0.989242672920227,2.5851693153381348,0.7845272421836853,0.7343113422393799,-0.18373771011829376,-0.6915821433067322,0.21482922136783603,0.09687065333127977,-0.4609437882900238
1.0,-7.2364864349365225,0.035701833665370934,2.841066598892212,-0.03864207863807678,-2.4547367095947266,-2.500020742416382,0.8616784811019897,-0.0894085094332695,0.4233562052249909,-0.7635114789009094
1.0,-0.8510141968727112,2.3067355155944824,-0.5674617290496826,0.04362516477704048,-2.0940470695495605,-4.9795355796813965,0.9926419258117676,1.0451250076293943,0.4838635623455048,0.37104275822639465
0.0,2.9208333492279053,1.700472354888916,-0.295727401971817,0.4141768515110016,0.3639197647571564,-0.38680699467659,0.6432367563247681,-0.7502138614654541,0.5704573392868042,0.1440943330526352
0.0,2.2843403816223145,-0.009493653662502766,0.450439602136612,-0.2957797050476074,-0.8038676977157593,-1.7790186405181885,0.4352661073207855,0.09779274463653563,-0.1494653970003128,0.12055777758359908
1.0,-2.9853408336639404,-0.7584231495857239,3.4937615394592285,-0.054260168224573135,0.1670999377965927,-1.001786470413208,-0.7707716226577759,0.21032480895519254,0.5856470465660095,0.07479612529277803
0.0,4.036607265472412,-1.162546157836914,-0.1897477507591248,-0.940517008304596,-0.5655988454818726,0.8067387938499451,0.15933780372142792,1.6090693473815918,-0.07010055333375931,0.20478391647338867
0.0,2.4732935428619385,0.33504706621170044,1.4823620319366455,-0.4652374684810638,0.04899267479777336,-0.937916338443756,-0.02258943580091,-0.6987993121147156,0.06962572038173677,0.2317385673522949
0.0,2.281317949295044,-2.077686071395874,-2.430649280548096,1.1860599517822266,-2.8590033054351807,0.999028980731964,1.0897643566131592,0.7439221143722534,0.6307827234268188,0.9267340302467346
1.0,-3.765932321548462,-5.98529577255249,4.880361080169678,1.1208728551864624,-0.5642369389533997,0.93244206905365,-0.5563821196556091,0.3155680000782013,-0.5687384605407715,1.3316813707351685
0.0,3.3679654598236084,0.5629288554191589,0.19257360696792605,0.5703792572021484,-0.3517286479473114,0.04026307165622711,-0.4884903728961945,0.6233131289482117,0.3040519952774048,0.031238406896591187
0.0,1.2948664426803589,-3.470808506011963,-1.1095279455184937,-0.7666792273521423,0.2105102986097336,0.8404567241668701,-0.21030442416667935,0.007387349847704172,0.5747565031051636,0.062392398715019226
0.0,1.4573212862014768,0.20172686874866488,1.0988787412643433,2.0057752132415767,1.4785622358322144,0.08537951856851578,-0.6043599843978882,0.5833427906036377,-0.3373587429523468,0.3475891947746277
1.0,-4.990602016448975,1.1325887441635132,2.5773839950561523,1.2172616720199585,0.6699147224426271,-0.2674790918827057,-1.0326163768768308,1.14273202419281,0.5667917132377625,-0.2449149638414383
1.0,-9.512670516967773,5.603484153747559,0.6372393965721129,-0.22422128915786746,-0.4065435230731964,0.8366143107414246,0.7146625518798828,-0.8026283383369446,2.1617431640625,-0.029124934226274487
0.0,2.077179193496704,-1.8065193891525269,1.1670794486999512,-1.1422300338745115,-0.4135713577270508,-0.11823710799217226,0.09909292310476303,0.18434004485607147,-0.04048096388578415,0.4331212639808655
0.0,3.172370195388794,2.089051961898804,0.9788055419921876,-0.3870970606803894,1.4194756746292114,-1.3383657932281494,-0.5370578169822693,0.041989747434854514,0.041934315115213394,-0.7870323061943054
1.0,-4.208524227142334,5.128366947174072,0.7524020075798035,0.862710177898407,-0.4709678590297699,0.5958404541015625,0.07482856512069702,0.1802528351545334,0.3641266822814941,-0.6915445923805237
1.0,-4.418011665344238,-1.4186701774597168,2.270318984985352,0.18627241253852844,-1.4238609075546265,0.7524894475936891,-0.4419848918914795,-0.4137701094150543,-0.018672656267881397,-0.3566298186779022
0.0,-1.2988665103912354,-7.7298521995544425,0.688914954662323,-2.8927273750305176,-2.0153546333312993,2.202856063842773,-1.0259976387023926,-2.030675411224365,0.2368189841508865,-1.1463557481765747
0.0,2.284331083297729,2.4668407440185547,0.8211885094642639,0.040803212672472,1.0927813053131104,0.10101392865180968,0.2482215017080307,-0.23706361651420596,0.19035886228084564,0.7374351024627686
0.0,-3.1340081691741943,-4.273460388183594,-5.866279602050781,-0.5965827703475952,4.201028347015382,-0.8712711334228516,-1.4300721883773804,-0.05665496364235877,1.773891806602478,-1.67640221118927
1.0,0.36170920729637146,-0.11973903328180313,2.040955781936645,-1.0588840246200562,0.7571097016334534,0.9204475283622742,-0.6977859139442444,-0.3933821618556976,0.3582202196121216,0.14754840731620789
0.0,5.351618766784668,-1.026757836341858,-0.3249858617782593,-1.3686825037002563,-0.9186614155769348,-0.22103692591190335,-1.1251521110534668,0.637967586517334,0.4250269830226898,-0.057803500443696976
1.0,-0.664440929889679,-0.4368607699871063,2.6807823181152344,0.7292265295982361,-0.027787167578935627,1.0820505619049072,0.0010507351253181696,-0.12761718034744265,0.009941691532731056,0.4810727536678314
0.0,-0.3144382536411285,-2.0775604248046875,2.0833117961883545,1.0685397386550903,-0.21786965429782867,-1.1898432970046997,-0.8621805906295776,0.2691050171852112,0.7202121019363403,-0.02805323712527752
0.0,3.1496541500091557,1.7712485790252686,0.035833533853292465,-1.507239580154419,0.35330432653427124,1.163016676902771,0.09411216527223587,-0.1014012098312378,0.8187354803085327,0.4494006633758545
0.0,2.615317344665528,1.8320605754852293,-0.7643295526504517,0.8231659531593323,-0.30078721046447754,-0.08993781358003616,-0.1463429629802704,-0.37802270054817205,0.5429748892784119,0.21925181150436399
0.0,2.847431898117065,2.8936476707458496,-0.5279889106750488,-0.5988167524337769,1.4356969594955444,0.2923669815063477,-0.09586524963378906,-0.4140898287296295,-0.39086776971817017,0.5904800295829773
0.0,-1.0259008407592771,-2.361262083053589,1.6168854236602783,-1.1459629535675049,4.1444787979125985,0.2075283527374268,-0.7360683083534241,0.6191418766975403,-0.14265504479408264,0.9046943783760072
1.0,-6.149886608123778,2.0176527500152592,1.5661437511444092,-0.9716461896896362,-0.33636996150016785,-0.3437246084213257,0.07077541202306747,-0.6422616839408875,0.013658950105309486,0.3987193703651428
0.0,1.1428320407867432,-5.59945821762085,-1.301037073135376,2.1882495880126958,0.7655746936798096,1.1592265367507937,-0.1915348619222641,1.7981394529342651,-0.8768374919891357,-0.9493144154548644
0.0,3.13998818397522,1.4880220890045166,1.1988784074783323,-0.4534493088722229,0.8409019708633423,-0.3229173123836517,-0.1556965410709381,0.2939855754375458,-0.07192941009998323,-0.29541611671447754
0.0,2.9854848384857178,0.6733392477035522,0.59048992395401,0.5943502187728882,0.461969405412674,0.5454030632972717,-0.6173995733261108,-0.36110466718673706,0.18554918467998505,0.6059278845787048
0.0,3.2580072879791264,0.4183213710784912,0.6918056607246399,-0.6598536372184753,0.12156625092029573,-0.06728862971067429,0.4390687048435211,-0.6249778270721436,-0.43217000365257263,0.18593046069145205
0.0,4.063862323760986,-0.12216857075691225,-3.2387723922729488,3.4691829681396484,-2.241908550262451,-0.17490893602371216,-1.0772541761398315,0.12949493527412415,0.4270313382148743,0.2772858440876007
1.0,-4.949858665466309,-3.006064176559448,1.754071593284607,0.6723605990409851,2.8647735118865967,0.3070807754993439,0.6498332619667053,-0.2049164175987244,-0.498634934425354,0.3825658857822418
1.0,-3.793382167816162,3.584047794342041,-2.088476181030273,2.5060272216796875,-0.5107225775718689,0.2467101365327835,0.7163261175155641,-1.1133596897125244,0.10520756244659424,0.10863300412893297
0.0,2.5825560092926025,-0.7292130589485168,0.5481428503990173,2.3320789337158203,-1.8352649211883545,-0.14016596972942352,-0.1219659373164177,0.27286261320114136,-0.6096549034118652,-0.35047176480293274
0.0,1.8876390457153318,-1.672191858291626,-0.11979768425226213,-1.2182149887084959,2.5680699348449707,-0.253892183303833,-0.5477362871170044,0.54253089427948,0.6181938648223877,0.09170988947153093
1.0,-5.2555460929870605,-3.894530773162842,0.833853542804718,-1.6816011667251587,-0.7843265533447266,1.3870887756347656,0.1100001335144043,-0.9502522349357604,-0.0236926693469286,-1.0789804458618164
0.0,2.046029567718506,-0.3048848807811737,0.5338387489318848,0.4898417592048645,-0.06791196018457413,1.3389297723770142,-0.4599115252494812,0.4889388382434845,-0.3544124662876129,-0.4418334066867829
1.0,-2.6511006355285645,-0.06656792759895325,1.526455283164978,-0.051261648535728455,0.3319510221481323,-0.7648666501045227,-0.666092038154602,0.6195456385612488,0.4009394645690918,0.33106961846351624
1.0,-4.9751620292663565,1.3325717449188232,-0.870977520942688,1.292130947113037,-0.9619693160057068,-2.5813124179840092,1.2332042455673218,-0.7129534482955933,0.7762615084648132,0.9214355349540709
0.0,3.639136075973511,-1.5895870923995972,-0.7162797451019287,-0.6703853607177734,-1.5773310661315918,0.7452731132507324,0.30654704570770264,0.8370571136474609,-0.36847269535064703,-1.0830538272857666
0.0,3.454718589782715,2.1364614963531494,-0.19716282188892365,-1.5341769456863403,0.9428753852844238,0.9371159076690674,-0.6832630634307861,0.2194860428571701,0.3089960813522339,-0.2826918065547943
0.0,3.156622171401977,0.871542751789093,2.1957149505615234,-1.449867606163025,0.4314359426498413,-0.3260570168495178,0.09453348070383072,-0.14928124845027926,-0.3191857635974884,0.2290549129247665
0.0,2.968888998031616,0.06884721666574478,0.7784116268157959,0.04666684940457344,0.22820691764354706,-0.3448923230171204,0.07660164684057236,1.083577275276184,-0.16323621571063995,0.4967891275882721
0.0,0.7796152234077454,2.1243436336517334,-0.3207889497280121,-0.07924897223711014,-0.08580993860960008,0.8931306004524231,0.8866106271743774,-0.08567110449075699,0.738938570022583,0.3906685411930084
0.0,1.2926363945007324,-4.964224815368652,-0.3459269106388092,-2.240534782409668,-3.8405299186706543,0.5486183166503906,0.8147892355918884,0.9879767298698424,0.07056853175163269,0.053783252835273736
0.0,2.014915227890014,-0.7784520983695984,-0.12557877600193024,0.6597356200218201,-0.021929830312728882,-0.6893208622932434,-0.07556529343128204,-0.04524001479148865,-0.7792975902557373,-0.3061303794384003
0.0,3.074435949325561,0.306058406829834,-1.2592536211013794,2.208626270294189,-0.6064121723175049,-2.358067274093628,-0.013891578651964664,0.12957696616649628,0.08514188975095749,-0.2109941393136978
0.0,2.4559686183929443,-0.8984554409980774,-0.3531334102153778,0.3679915070533752,-1.104286789894104,0.7788875102996826,-0.16926053166389465,-0.9777859449386596,0.5083078742027283,0.6645780801773071
0.0,2.7083935737609863,0.21966567635536194,0.31450480222702026,-0.05525287240743637,-0.04825406894087792,-0.16910293698310852,-0.6877810955047607,-0.25862547755241394,-0.4795501828193665,-0.2531191408634186
0.0,4.1388821601867685,1.376508116722107,-0.8780484795570374,0.059856265783309937,-0.5975967645645142,-0.8320963978767395,-0.3676672577857971,0.004490017425268889,0.5778798460960388,-0.03974925354123116
0.0,1.9649502038955688,0.9651568531990052,0.08120815455913544,0.09408067911863327,-0.5500238537788391,0.32139652967453003,0.568253755569458,-0.3960667550563812,-0.05815916880965232,0.4916811287403106
1.0,-4.342379093170166,-4.861083030700684,2.816115617752075,1.4545570611953735,1.2900629043579102,0.34971606731414795,-0.7428802251815796,-0.28092628717422485,0.6751031875610352,0.11565738171339035
0.0,0.7091148495674133,1.5682322978973389,0.6699942350387573,-1.687264084815979,0.3393148481845856,-0.2463585436344147,0.8395510315895081,-0.525682270526886,0.2326337248086929,-0.2416137456893921
1.0,-1.812305450439453,-0.7227400541305542,1.4662495851516724,1.1987297534942627,-1.4280414581298828,0.7280628085136414,0.5314264297485352,-0.4748112261295319,-0.003942564595490694,-0.17304012179374695
1.0,-2.7555677890777592,-3.465773582458496,2.474050760269165,1.0082788467407229,0.15513600409030914,0.7014086842536926,-0.2702523171901703,-0.07247632741928099,-0.4959693253040314,-0.019194668158888817
0.0,2.4859158992767334,1.1889394521713257,-0.34877675771713257,1.2562918663024902,-0.1293942928314209,-0.5395822525024414,0.1463146060705185,-0.38338318467140203,-0.07089004665613174,-0.22214803099632266
0.0,0.09610816091299056,0.12984760105609894,1.671464204788208,-1.5274769067764282,0.4030674993991852,-0.7766607403755188,0.2616877257823944,-0.5374357104301453,0.7843583822250366,-1.0024787187576294
1.0,-3.372196674346924,-2.5878257751464844,-7.092075824737549,0.3674948215484619,2.770573377609253,4.217766761779785,4.084685802459717,4.362304210662842,0.6586729884147644,-1.707433581352234
0.0,3.4839861392974854,-1.6196919679641724,-2.675469160079956,-1.253613829612732,-0.5989813804626465,1.3438767194747925,1.027430295944214,0.4433240294456482,1.290101170539856,0.2348286211490631
1.0,-3.715704679489136,1.0586862564086914,-0.5219535231590271,-1.3970017433166504,0.36861452460289,1.1046102046966553,-0.6344600319862366,-0.05913892388343811,0.2870692312717438,-0.39353585243225103
0.0,5.390256404876709,-0.5562554597854614,-0.5600699782371521,-0.4718552827835083,-0.3997984230518341,-1.4766594171524048,-0.950501561164856,0.13637368381023407,0.2933084964752197,0.07299370318651201
0.0,1.9920345544815063,-1.329355001449585,-1.135244607925415,-2.0464332103729252,-0.25212764739990234,1.7570830583572388,1.395871877670288,-0.6184865236282349,-0.19402606785297394,-0.07839573919773102
0.0,4.0870771408081055,0.4847100377082825,-0.6313639879226685,3.4027323722839355,-0.01822482980787754,0.30982136726379395,-0.23062658309936526,-0.11473887413740158,-0.6659464240074158,-0.3201894760131836
0.0,1.0893760919570925,-1.2928478717803955,-1.4293787479400637,3.3721373081207275,0.9473415613174438,1.72586989402771,0.35397443175315857,-1.1643389463424685,0.20749531686306,1.3917087316513062
1.0,-4.10078763961792,0.3788038194179535,-1.4463176727294922,-0.7023687958717346,0.00066500308457762,1.0360963344573977,0.3177207410335541,-0.4207230508327484,-0.21369203925132751,-0.2872310876846313
0.0,2.578883171081543,-3.138671875,-1.4002799987792969,0.7638663053512573,-2.7840955257415767,0.8157358765602112,0.3962579965591431,0.2309379130601883,-0.10304807126522064,0.9281017184257508
0.0,0.9341580271720886,-0.9277013540267944,0.04016368091106415,1.3533989191055298,0.06494209170341493,-0.2238993048667908,-0.07698027789592743,-0.14890794456005094,-0.26248326897621155,-0.4559672176837921
0.0,2.8190386295318604,0.9701107144355774,0.3825913667678833,-0.4637905955314636,0.5517868995666504,-1.2084609270095823,0.3662600517272949,0.11381680518388748,-0.33022361993789673,-0.1980370134115219
0.0,3.9434735774993896,2.0300161838531494,-0.6917358040809631,-0.5134062767028809,0.3401145935058594,0.0650973841547966,-0.05022605136036873,0.5796322822570801,0.1976012885570526,0.2004682570695877
1.0,-4.442342758178711,0.9924388527870178,-1.4423192739486694,0.575034499168396,-0.3575902283191681,0.029967432841658592,0.3232773840427399,-0.18429745733737946,0.21190179884433746,0.11001449078321457
1.0,-7.676149845123291,3.0753064155578613,-1.4819593429565432,-0.5524019598960876,0.88620525598526,0.08252733945846558,-1.6521224975585938,0.1350000947713852,0.24287185072898865,0.6492973566055298
0.0,2.691352128982544,-1.4200618267059326,-0.9691506624221802,0.0028595863841474056,-1.2565184831619265,-0.9415785670280457,-0.1579388827085495,-0.5929590463638306,-0.4783426523208618,-0.6489315032958984
0.0,0.22939467430114746,-1.5159032344818115,2.216282844543457,-0.5555697679519653,0.2512020170688629,0.6025605797767639,-0.41004323959350586,0.14166894555091858,0.1268158107995987,0.551241397857666
1.0,-2.7633707523345947,1.0786335468292236,1.1796239614486694,-0.4141591489315033,-0.16461148858070376,0.4591641128063202,0.7430198788642883,0.046676773577928536,0.1929904967546463,-0.8059066534042358
0.0,3.647258043289185,1.2413650751113892,-1.386624455451965,-1.6139591932296753,-0.17299138009548187,-0.5970636010169983,0.2938908636569977,0.40758830308914185,0.0434127114713192,0.6095358729362488
0.0,1.2569284439086914,-4.117187023162842,0.4127298891544342,-1.054173469543457,-1.1395267248153689,1.949043035507202,-0.4886226952075958,0.2552886009216309,0.9073269367218018,-1.2766504287719729
0.0,3.341944456100464,0.022224701941013336,-0.5033011436462402,1.1422622203826904,-1.5647612810134888,-0.16775758564472198,-0.07552724331617355,-0.1250436156988144,0.16103456914424896,0.5883046388626099
0.0,2.9987106323242188,0.3967779874801636,0.5964658856391907,0.2080449014902115,0.5683597922325134,0.3727862238883972,-0.40296325087547297,0.24590960144996646,-0.14780455827713013,0.16913056373596191
0.0,1.8489598035812376,-2.541229486465454,-2.005347490310669,-0.4843721091747284,-3.5086450576782227,-0.5345342755317688,-0.6996350884437561,0.021422412246465683,-0.8151956796646118,-1.3139609098434448
0.0,5.565735340118408,0.4778476059436798,-4.127462387084962,2.3524906635284424,-1.0524613857269287,-2.093502283096313,-1.167387843132019,-3.953161001205444,2.061156749725342,2.6720123291015625
1.0,-3.378251075744629,3.3712282180786133,1.766777753829956,2.0779569149017334,-0.5977815389633179,0.490782082080841,0.8248324394226074,0.2990117073059082,0.4862067401409149,-0.683424711227417
1.0,-2.2505106925964355,0.34853595495224,1.0647507905960083,0.2317592948675156,-1.0045007467269895,0.8745519518852234,0.8706842660903931,-0.6022405028343201,-0.31734827160835266,-0.08026695251464844
0.0,0.6198387145996094,-0.6363492012023926,0.4888513088226318,0.01515442691743374,-0.1064065471291542,0.6007163524627686,-0.13930922746658325,-0.29541632533073425,0.2439825534820557,-0.0023391647264361377
1.0,-4.960268974304199,1.34112286567688,1.4570534229278564,1.4681981801986694,-0.6124600172042847,1.0858064889907837,0.18592098355293274,0.8054988384246826,-0.2710561752319336,-0.2886410057544708
0.0,1.2065978050231934,1.3170444965362549,0.9307409524917604,-1.7047896385192869,0.7187197804450989,-0.638188362121582,-0.17167796194553375,0.6055701375007629,0.24941305816173556,0.40798279643058777
0.0,2.0103795528411865,-0.4296894371509552,0.10408888757228853,0.16029192507266998,-1.5095062255859375,0.07670667767524719,0.5416181087493896,-0.3981433212757111,-0.11318157613277435,0.16780945658683774
0.0,1.9693236351013184,0.17584852874279022,-0.4207313060760498,0.7863120436668396,-0.8612527251243591,-1.5866873264312744,0.5751025080680847,-0.221558541059494,-0.3334056735038757,0.258717805147171
1.0,-6.6197266578674325,6.003276824951173,-0.9893774390220642,2.8867573738098145,-1.6953836679458618,0.7996727228164673,-2.287667751312256,0.4452903568744659,-0.6410093903541565,-0.518297016620636
0.0,4.680211544036865,1.103857159614563,0.25730815529823303,-1.2464759349822998,0.4146184325218201,-0.153416246175766,-0.9062285423278807,0.6239970922470093,0.04496433958411217,0.3464943468570709
1.0,-6.289673328399657,-2.0365471839904785,3.182081937789917,-0.15554355084896088,0.20248933136463165,1.2579857110977173,0.28615257143974304,-0.21850433945655826,0.4964833855628967,0.4169792532920837
1.0,-1.2561792135238647,1.9022964239120483,-0.5627306699752808,2.0892267227172847,1.809991240501404,0.5344470143318176,0.19275818765163424,0.3418864905834198,-0.3939173221588135,-0.5208774805068971
1.0,0.7337725162506104,1.9436970949172971,0.275236040353775,0.3378231227397919,0.6609911918640137,0.7743051052093506,0.1455964297056198,-0.5003655552864075,-0.2707676291465759,0.4086402654647827
0.0,4.041835308074951,1.3569173812866209,-0.5383416414260864,-0.8339118361473083,0.1787470579147339,-0.9917098879814148,-0.5653937458992004,0.6672050952911377,-0.2394577115774155,-0.3493899405002594
1.0,0.5429013967514038,1.3170678615570068,-0.9957544803619384,1.4848753213882446,0.2029780000448227,0.6347794532775879,1.2047171592712402,0.19364935159683228,-0.6119576096534729,0.20790457725524905
0.0,0.8260393142700195,1.250247359275818,-0.2679607570171356,-2.310626745223999,-1.0148137807846072,-0.9016296267509459,0.8023234009742737,0.026222826912999157,-0.8697388172149658,-0.15606720745563507
0.0,2.431551456451416,-3.4472036361694336,-3.456944704055786,-0.4936600923538208,-1.0457570552825928,1.0088398456573486,0.3755654692649841,0.9338971972465516,1.9509201049804688,0.6497706174850464
0.0,2.9263744354248047,-0.37733229994773865,0.8867937326431274,0.11534476280212402,-0.9856802225112916,0.3344561755657196,0.018664266914129257,-0.8971506953239441,-0.18968325853347776,0.3994236290454865
0.0,1.9389694929122925,-2.544987440109253,1.0014233589172363,-0.02573968283832073,1.206099033355713,-0.7321003079414368,-0.8164746761322021,-0.1236426681280136,-0.8122587800025941,-0.01630941778421402
0.0,4.135962963104248,-2.4037926197052,1.242958426475525,-2.048346281051636,-1.1656521558761597,0.9010597467422484,-0.4068303406238556,1.2261404991149902,-0.3459130525588989,0.4646687805652618
0.0,0.8598029613494873,-0.0968485027551651,2.814044713973999,-0.18432395160198206,-0.630075216293335,0.36503928899765015,0.0462566539645195,0.12574870884418488,-0.3125689625740051,0.24714240431785586
0.0,2.8182313442230225,-0.3678840696811676,1.3514355421066284,-1.7384151220321655,0.2843216359615326,0.4312826097011566,-0.4849234521389008,0.2909506559371948,-0.057343356311321265,0.3828432261943817
1.0,-0.017430616542696953,3.4593429565429688,-0.3069208860397339,-0.4755699336528778,0.4007366895675659,0.15690748393535614,1.8742152452468872,0.7800822257995605,0.3522326648235321,-0.15920312702655792
0.0,1.3250311613082886,-1.4692940711975098,-0.8484213352203369,1.142766356468201,-0.04782160744071007,1.8916330337524412,-0.029067035764455795,0.418249249458313,0.630050003528595,-0.05782024189829825
1.0,-0.3373454809188843,3.1443734169006348,0.1157214567065239,1.8152953386306765,0.03529324382543564,0.71621173620224,0.05513303354382515,0.11949823796749115,0.5550039410591125,-0.271653026342392
0.0,2.9757988452911377,-1.810973882675171,0.2234352827072144,-0.3916352689266205,-1.529370665550232,-0.04680159687995911,-0.4466315805912018,-0.1659386157989502,0.14990590512752533,-0.19239658117294312
0.0,2.398664951324463,0.2507447600364685,0.3271377682685852,0.277372807264328,-0.3548144996166229,-0.019372841343283653,0.2924339175224304,-0.4614346623420715,-0.079965740442276,0.02250475808978081
0.0,1.4749201536178589,1.591094136238098,-0.3199914693832397,0.7988319993019104,0.1580575406551361,0.4380661547183991,1.0438262224197388,-0.7601560354232788,0.4795927703380585,0.6401016116142273
1.0,-8.733861923217772,-3.279877185821533,-2.9036989212036133,0.27718812227249146,-1.0618468523025513,0.5676917433738708,-0.7901844978332521,-1.4345695972442627,-1.5175976753234863,0.10863693058490753
1.0,-3.824432849884033,-2.305236339569092,-0.027546361088752747,-0.6702588796615601,1.2897651195526123,-0.8090946674346924,1.5682756900787354,0.2945486903190613,0.13556545972824094,-0.2355526238679886
1.0,1.976840138435364,0.4193874597549439,0.3805751800537109,1.7394601106643677,-0.3086381554603577,0.7122804522514343,0.3173612952232361,0.4234265685081482,-0.2963460385799408,0.16623768210411072
0.0,2.4810550212860107,2.3639585971832275,0.4326147437095642,0.3834696412086487,1.038121461868286,0.020466705784201625,-0.5600934624671936,-0.2391829937696457,-0.2822325527667999,-0.2299307286739349
0.0,4.0275421142578125,2.5429069995880127,-0.3532171845436096,-1.5143874883651731,0.6674987077713013,0.09625738859176636,-0.839768648147583,-0.33335885405540466,0.01254246477037668,0.17344017326831818
1.0,-4.149097442626953,-0.7674887180328369,0.8879746794700623,0.008369456976652145,-0.6049796342849731,1.01708984375,0.0050238268449902534,-0.31685635447502136,-0.5645796656608582,0.6161879897117615
0.0,2.1744639873504643,-0.49687805771827703,0.9490918517112732,-0.2072192579507828,-0.8853461146354675,-0.8830400109291077,0.2553122043609619,-0.2301961779594421,-0.4240216016769409,-0.14790190756320953
0.0,1.4202234745025637,-1.3939781188964844,0.8369868397712708,-1.1054452657699585,-0.3644005358219147,-0.08946609497070312,0.2634752094745636,0.9647060632705688,0.4759695827960968,0.07825382798910141
0.0,0.10335038602352142,-2.2801430225372314,-2.1095628738403316,0.3518460094928741,0.6224820613861084,1.4599862098693848,1.0410339832305908,-0.12053828686475755,0.2273620963096619,-0.3364577293395996
1.0,-0.2524975538253784,0.5313515067100525,-0.5893279314041138,0.1105383038520813,0.4286811053752899,0.19963468611240387,1.7271130084991455,0.786749005317688,-0.11684934049844742,-0.14425404369831085
1.0,-3.0640544891357417,1.8765521049499512,-2.581747770309448,-0.12848448753356936,-0.11666513979434967,0.9075949788093568,0.6458348035812378,0.340474009513855,0.04391195252537728,0.3965443074703217
0.0,2.136404037475586,0.00439284136518836,0.05513882264494896,-1.7881127595901491,1.300445556640625,0.06311742961406708,-0.4147665798664093,0.29997894167900085,0.07258104532957077,0.07251368463039398
0.0,-1.5729311704635618,-6.50909948348999,-2.167158842086792,-0.030075769871473312,1.053410887718201,-1.108942627906799,-0.253763347864151,-1.0342048406600952,-0.7258518934249878,0.03727623820304871
0.0,2.0250372886657715,-1.2612419128417969,-0.5049260258674622,1.1355273723602295,-0.1142628937959671,-1.7847769260406494,-0.3904955387115479,-0.8744238615036011,-0.3112407624721527,-0.3656938672065735
0.0,2.8581583499908447,-0.15272320806980133,-0.4289349317550659,-0.483060359954834,-1.5105369091033936,-1.278863549232483,0.3929084539413452,0.7460724711418152,-0.30141887068748474,-0.07522739470005035
0.0,3.3658454418182373,0.8076006174087524,0.8070794939994812,-1.663685917854309,0.050586432218551636,0.6566330194473267,0.1833263039588928,-0.3027874529361725,0.1069599986076355,-0.0605001375079155
